[
    {
        "Col": "BA",
        "Crn": "40376",
        "Subj": "ACCT",
        "Crse": "2243",
        "Sect": "401",
        "Title": "Managerial Accounting",
        "PrimaryInstructor": "Paul San Miguel",
        "Max": 30,
        "Curr": 19,
        "Aval": 11,
        "Days": "MTWR",
        "Begin": "1010am",
        "End": "1210pm",
        "Bldg": "DB",
        "Room": "178",
        "Year": 2021,
        "Semester": "Summer_2"
    },
    {
        "Col": "BA",
        "Crn": "40138",
        "Subj": "ACCT",
        "Crse": "4551",
        "Sect": "401",
        "Title": "Ind Study in Accounting",
        "PrimaryInstructor": "TBA STAFF",
        "Max": 5,
        "Curr": 0,
        "Aval": 5,
        "Year": 2021,
        "Semester": "Summer_2"
    },
    {
        "Col": "BA",
        "Crn": "40139",
        "Subj": "ACCT",
        "Crse": "4552",
        "Sect": "401",
        "Title": "Ind Study in Accounting",
        "PrimaryInstructor": "TBA STAFF",
        "Max": 5,
        "Curr": 0,
        "Aval": 5,
        "Year": 2021,
        "Semester": "Summer_2"
    },
    {
        "Col": "BA",
        "Crn": "40140",
        "Subj": "ACCT",
        "Crse": "4553",
        "Sect": "401",
        "Title": "Ind Study in Accounting",
        "PrimaryInstructor": "TBA STAFF",
        "Max": 5,
        "Curr": 0,
        "Aval": 5,
        "Year": 2021,
        "Semester": "Summer_2"
    },
    {
        "Col": "BA",
        "Crn": "40141",
        "Subj": "ACCT",
        "Crse": "4893",
        "Sect": "401",
        "Title": "Internship in Accounting",
        "PrimaryInstructor": "Shih Yung Chou",
        "Max": 5,
        "Curr": 2,
        "Aval": 3,
        "Year": 2021,
        "Semester": "Summer_2"
    },
    {
        "Col": "BA",
        "Crn": "40283",
        "Subj": "ACCT",
        "Crse": "5893",
        "Sect": "401",
        "Title": "Grad Internship in Accounting",
        "PrimaryInstructor": "Shih Yung Chou",
        "Max": 5,
        "Curr": 0,
        "Aval": 5,
        "Year": 2021,
        "Semester": "Summer_2"
    },
    {
        "Col": "BA",
        "Crn": "40143",
        "Subj": "ACCT",
        "Crse": "6553",
        "Sect": "401",
        "Title": "Ind Grad Study in Accounting",
        "PrimaryInstructor": "TBA STAFF",
        "Max": 5,
        "Curr": 0,
        "Aval": 5,
        "Year": 2021,
        "Semester": "Summer_2"
    },
    {
        "Col": "FA",
        "Crn": "40420",
        "Subj": "ART",
        "Crse": "1413",
        "Sect": "X40",
        "Title": "Art Appreciation",
        "PrimaryInstructor": "Sharon Bly",
        "Max": 28,
        "Curr": 26,
        "Aval": 2,
        "Year": 2021,
        "Semester": "Summer_2"
    },
    {
        "Col": "FA",
        "Crn": "40476",
        "Subj": "ART",
        "Crse": "4543",
        "Sect": "401",
        "Title": "Topics in Studio Art",
        "PrimaryInstructor": "Jason Bly",
        "Max": 15,
        "Curr": 13,
        "Aval": 2,
        "Days": "MTWR",
        "Begin": "1010am",
        "End": "0220pm",
        "Bldg": "FA",
        "Room": "C106",
        "Year": 2021,
        "Semester": "Summer_2"
    },
    {
        "Col": "FA",
        "Crn": "40039",
        "Subj": "ART",
        "Crse": "4913",
        "Sect": "401",
        "Title": "Ind Study in Art",
        "PrimaryInstructor": "Jason Bly",
        "Max": 5,
        "Curr": 0,
        "Aval": 5,
        "Year": 2021,
        "Semester": "Summer_2"
    },
    {
        "Col": "FA",
        "Crn": "40041",
        "Subj": "ART",
        "Crse": "4913",
        "Sect": "402",
        "Title": "Ind Study in Art",
        "PrimaryInstructor": "Steven Hilton",
        "Max": 5,
        "Curr": 0,
        "Aval": 5,
        "Year": 2021,
        "Semester": "Summer_2"
    },
    {
        "Col": "FA",
        "Crn": "40042",
        "Subj": "ART",
        "Crse": "4913",
        "Sect": "403",
        "Title": "Ind Study in Art",
        "PrimaryInstructor": "Morgan Page",
        "Max": 5,
        "Curr": 1,
        "Aval": 4,
        "Year": 2021,
        "Semester": "Summer_2"
    },
    {
        "Col": "FA",
        "Crn": "40043",
        "Subj": "ART",
        "Crse": "4913",
        "Sect": "404",
        "Title": "Ind Study in Art",
        "PrimaryInstructor": "Catherine Prose",
        "Max": 5,
        "Curr": 0,
        "Aval": 5,
        "Year": 2021,
        "Semester": "Summer_2"
    },
    {
        "Col": "FA",
        "Crn": "40371",
        "Subj": "ART",
        "Crse": "4913",
        "Sect": "405",
        "Title": "Ind Study in Art",
        "PrimaryInstructor": "Suguru Hiraide",
        "Max": 5,
        "Curr": 0,
        "Aval": 5,
        "Year": 2021,
        "Semester": "Summer_2"
    },
    {
        "Col": "FA",
        "Crn": "40372",
        "Subj": "ART",
        "Crse": "4913",
        "Sect": "406",
        "Title": "Ind Study in Art",
        "PrimaryInstructor": "Ann Leimer",
        "Max": 5,
        "Curr": 0,
        "Aval": 5,
        "Year": 2021,
        "Semester": "Summer_2"
    },
    {
        "Col": "FA",
        "Crn": "40475",
        "Subj": "ART",
        "Crse": "4913",
        "Sect": "407",
        "Title": "Ind Study in Art",
        "PrimaryInstructor": "Leah Gose",
        "Max": 5,
        "Curr": 0,
        "Aval": 5,
        "Year": 2021,
        "Semester": "Summer_2"
    },
    {
        "Col": "FA",
        "Crn": "40046",
        "Subj": "ART",
        "Crse": "4933",
        "Sect": "401",
        "Title": "Visual Arts Apprenticeship",
        "PrimaryInstructor": "TBA STAFF",
        "Max": 5,
        "Curr": 0,
        "Aval": 5,
        "Year": 2021,
        "Semester": "Summer_2"
    },
    {
        "Col": "HH",
        "Crn": "40047",
        "Subj": "ATRN",
        "Crse": "2001",
        "Sect": "X40",
        "Title": "Athletic Train Colloquium I",
        "PrimaryInstructor": "William Lyons",
        "Max": 20,
        "Curr": 9,
        "Aval": 11,
        "Year": 2021,
        "Semester": "Summer_2"
    },
    {
        "Col": "HH",
        "Crn": "40048",
        "Subj": "ATRN",
        "Crse": "3001",
        "Sect": "X40",
        "Title": "Athletic Train Colloquium II",
        "PrimaryInstructor": "William Lyons",
        "Max": 20,
        "Curr": 3,
        "Aval": 17,
        "Year": 2021,
        "Semester": "Summer_2"
    },
    {
        "Col": "HH",
        "Crn": "40049",
        "Subj": "ATRN",
        "Crse": "4001",
        "Sect": "X40",
        "Title": "Athletic Train Colloquium III",
        "PrimaryInstructor": "William Lyons",
        "Max": 20,
        "Curr": 8,
        "Aval": 12,
        "Year": 2021,
        "Semester": "Summer_2"
    },
    {
        "Col": "SE",
        "Crn": "40205",
        "Subj": "BIOL",
        "Crse": "1234",
        "Sect": "401",
        "Title": "Anatomy & Physiology II",
        "PrimaryInstructor": "Jon Scales",
        "Max": 48,
        "Curr": 8,
        "Aval": 40,
        "Days": "MTWR",
        "Begin": "1010am",
        "End": "1210pm",
        "Bldg": "BO",
        "Room": "127",
        "Year": 2021,
        "Semester": "Summer_2"
    },
    {
        "Col": "SE",
        "Crn": "40479",
        "Subj": "BIOL",
        "Crse": "1234",
        "Sect": "41A",
        "Title": "Anatomy & Physiology II Lab",
        "PrimaryInstructor": "Jon Scales",
        "Max": 24,
        "Curr": 4,
        "Aval": 20,
        "Days": "MTW",
        "Begin": "0800am",
        "End": "1000am",
        "Bldg": "BO",
        "Room": "217",
        "Year": 2021,
        "Semester": "Summer_2"
    },
    {
        "Col": "SE",
        "Crn": "40207",
        "Subj": "BIOL",
        "Crse": "1234",
        "Sect": "41B",
        "Title": "Anatomy & Physiology II Lab",
        "PrimaryInstructor": "Jon Scales",
        "Max": 24,
        "Curr": 4,
        "Aval": 20,
        "Days": "MTW",
        "Begin": "1220pm",
        "End": "0220pm",
        "Bldg": "BO",
        "Room": "217",
        "Year": 2021,
        "Semester": "Summer_2"
    },
    {
        "Col": "SE",
        "Crn": "40213",
        "Subj": "BIOL",
        "Crse": "4913",
        "Sect": "401",
        "Title": "Ind Study in Biology",
        "PrimaryInstructor": "TBA STAFF",
        "Max": 0,
        "Curr": 0,
        "Aval": 0,
        "Year": 2021,
        "Semester": "Summer_2"
    },
    {
        "Col": "SE",
        "Crn": "40215",
        "Subj": "BIOL",
        "Crse": "5911",
        "Sect": "401",
        "Title": "Ind Grad Study in Biology",
        "PrimaryInstructor": "TBA STAFF",
        "Max": 0,
        "Curr": 0,
        "Aval": 0,
        "Year": 2021,
        "Semester": "Summer_2"
    },
    {
        "Col": "SE",
        "Crn": "40218",
        "Subj": "BIOL",
        "Crse": "6983",
        "Sect": "401",
        "Title": "Thesis",
        "PrimaryInstructor": "TBA STAFF",
        "Max": 0,
        "Curr": 0,
        "Aval": 0,
        "Year": 2021,
        "Semester": "Summer_2"
    },
    {
        "Col": "SE",
        "Crn": "40219",
        "Subj": "BIOL",
        "Crse": "6993",
        "Sect": "401",
        "Title": "Thesis",
        "PrimaryInstructor": "Charles Watson",
        "Max": 0,
        "Curr": 1,
        "Aval": -1,
        "Year": 2021,
        "Semester": "Summer_2"
    },
    {
        "Col": "SE",
        "Crn": "40517",
        "Subj": "BIOL",
        "Crse": "6993",
        "Sect": "402",
        "Title": "Thesis",
        "PrimaryInstructor": "James Masuoka",
        "Max": 0,
        "Curr": 1,
        "Aval": -1,
        "Year": 2021,
        "Semester": "Summer_2"
    },
    {
        "Col": "BA",
        "Crn": "40226",
        "Subj": "BUAD",
        "Crse": "3033",
        "Sect": "X40",
        "Title": "Business and Economic Stats",
        "PrimaryInstructor": "Joseph Smalley",
        "Max": 35,
        "Curr": 5,
        "Aval": 30,
        "Year": 2021,
        "Semester": "Summer_2"
    },
    {
        "Col": "BA",
        "Crn": "40144",
        "Subj": "BUAD",
        "Crse": "4893",
        "Sect": "401",
        "Title": "Internship Bus Admin",
        "PrimaryInstructor": "Shih Yung Chou",
        "Max": 5,
        "Curr": 0,
        "Aval": 5,
        "Year": 2021,
        "Semester": "Summer_2"
    },
    {
        "Col": "BA",
        "Crn": "40145",
        "Subj": "BUAD",
        "Crse": "5893",
        "Sect": "401",
        "Title": "Grad Internship - Business Adm",
        "PrimaryInstructor": "Shih Yung Chou",
        "Max": 5,
        "Curr": 1,
        "Aval": 4,
        "Year": 2021,
        "Semester": "Summer_2"
    },
    {
        "Col": "BA",
        "Crn": "40146",
        "Subj": "BUAD",
        "Crse": "6553",
        "Sect": "401",
        "Title": "Ind Grad Study in Busn Admin",
        "PrimaryInstructor": "Robert Forrester",
        "Max": 5,
        "Curr": 0,
        "Aval": 5,
        "Year": 2021,
        "Semester": "Summer_2"
    },
    {
        "Col": "SE",
        "Crn": "40486",
        "Subj": "CHEM",
        "Crse": "1241",
        "Sect": "401",
        "Title": "General Chemistry Lab",
        "PrimaryInstructor": "Candice Fulton",
        "Max": 40,
        "Curr": 10,
        "Aval": 30,
        "Days": "TWR",
        "Begin": "1220pm",
        "End": "0410pm",
        "Bldg": "BO",
        "Room": "302 304 305",
        "Year": 2021,
        "Semester": "Summer_2"
    },
    {
        "Col": "SE",
        "Crn": "40487",
        "Subj": "CHEM",
        "Crse": "1243",
        "Sect": "401",
        "Title": "General Chemistry",
        "PrimaryInstructor": "Candice Fulton",
        "Max": 40,
        "Curr": 11,
        "Aval": 29,
        "Days": "MTWR",
        "Begin": "0800am",
        "End": "1000am",
        "Bldg": "BO",
        "Room": "304",
        "Year": 2021,
        "Semester": "Summer_2"
    },
    {
        "Col": "SE",
        "Crn": "40488",
        "Subj": "CHEM",
        "Crse": "2011",
        "Sect": "401",
        "Title": "Organic Chemistry Lab",
        "PrimaryInstructor": "Christopher Hansen",
        "Max": 21,
        "Curr": 8,
        "Aval": 13,
        "Days": "TWR",
        "Begin": "1220pm",
        "End": "0410pm",
        "Bldg": "BO",
        "Room": "311 313",
        "Year": 2021,
        "Semester": "Summer_2"
    },
    {
        "Col": "SE",
        "Crn": "40489",
        "Subj": "CHEM",
        "Crse": "2013",
        "Sect": "401",
        "Title": "Organic Chemistry",
        "PrimaryInstructor": "Christopher Hansen",
        "Max": 21,
        "Curr": 12,
        "Aval": 9,
        "Days": "MTWR",
        "Begin": "0800am",
        "End": "1000am",
        "Bldg": "BO",
        "Room": "311 313",
        "Year": 2021,
        "Semester": "Summer_2"
    },
    {
        "Col": "SE",
        "Crn": "40023",
        "Subj": "CHEM",
        "Crse": "4900",
        "Sect": "401",
        "Title": "Ind Study in Chemistry",
        "PrimaryInstructor": "Christopher Hansen",
        "Max": 15,
        "Curr": 4,
        "Aval": 11,
        "Year": 2021,
        "Semester": "Summer_2"
    },
    {
        "Col": "SE",
        "Crn": "40024",
        "Subj": "CHEM",
        "Crse": "4911",
        "Sect": "401",
        "Title": "Ind Study in Chemistry",
        "PrimaryInstructor": "Christopher Hansen",
        "Max": 15,
        "Curr": 0,
        "Aval": 15,
        "Year": 2021,
        "Semester": "Summer_2"
    },
    {
        "Col": "SE",
        "Crn": "40025",
        "Subj": "CHEM",
        "Crse": "4922",
        "Sect": "401",
        "Title": "Ind Study in Chemistry",
        "PrimaryInstructor": "Christopher Hansen",
        "Max": 15,
        "Curr": 0,
        "Aval": 15,
        "Year": 2021,
        "Semester": "Summer_2"
    },
    {
        "Col": "SE",
        "Crn": "40026",
        "Subj": "CHEM",
        "Crse": "4933",
        "Sect": "401",
        "Title": "Ind Study in Chemistry",
        "PrimaryInstructor": "Christopher Hansen",
        "Max": 15,
        "Curr": 0,
        "Aval": 15,
        "Year": 2021,
        "Semester": "Summer_2"
    },
    {
        "Col": "SE",
        "Crn": "40480",
        "Subj": "CMPS",
        "Crse": "4553",
        "Sect": "401",
        "Title": "Top CMPT: Agent-Based Modeling",
        "PrimaryInstructor": "Tina Johnson",
        "Max": 17,
        "Curr": 12,
        "Aval": 5,
        "Days": "MTWR",
        "Begin": "1010am",
        "End": "1220pm",
        "Bldg": "BO",
        "Room": "109",
        "Year": 2021,
        "Semester": "Summer_2"
    },
    {
        "Col": "SE",
        "Crn": "40018",
        "Subj": "CMPS",
        "Crse": "4773",
        "Sect": "401",
        "Title": "Internship in Computer Science",
        "PrimaryInstructor": "Tina Johnson",
        "Max": 0,
        "Curr": 2,
        "Aval": -2,
        "Year": 2021,
        "Semester": "Summer_2"
    },
    {
        "Col": "SE",
        "Crn": "40544",
        "Subj": "CMPS",
        "Crse": "4993",
        "Sect": "401",
        "Title": "Ind Study in Computer Science",
        "PrimaryInstructor": "Nelson Passos",
        "Max": 0,
        "Curr": 1,
        "Aval": -1,
        "Year": 2021,
        "Semester": "Summer_2"
    },
    {
        "Col": "SE",
        "Crn": "40514",
        "Subj": "CMPS",
        "Crse": "5443",
        "Sect": "401",
        "Title": "Topic: Modern Processor Design",
        "PrimaryInstructor": "Nelson Passos",
        "Max": 20,
        "Curr": 10,
        "Aval": 10,
        "Days": "MTWR",
        "Begin": "0800am",
        "End": "1000am",
        "Bldg": "BO",
        "Room": "320",
        "Year": 2021,
        "Semester": "Summer_2"
    },
    {
        "Col": "SE",
        "Crn": "40021",
        "Subj": "CMPS",
        "Crse": "5993",
        "Sect": "401",
        "Title": "Ind Grad Study in Computer Sci",
        "PrimaryInstructor": "TBA STAFF",
        "Max": 0,
        "Curr": 0,
        "Aval": 0,
        "Year": 2021,
        "Semester": "Summer_2"
    },
    {
        "Col": "SE",
        "Crn": "40022",
        "Subj": "CMPS",
        "Crse": "6901",
        "Sect": "401",
        "Title": "Ind Grad Study in Computer Sci",
        "PrimaryInstructor": "TBA STAFF",
        "Max": 0,
        "Curr": 0,
        "Aval": 0,
        "Year": 2021,
        "Semester": "Summer_2"
    },
    {
        "Col": "ED",
        "Crn": "40497",
        "Subj": "COUN",
        "Crse": "2023",
        "Sect": "X40",
        "Title": "Human Development",
        "PrimaryInstructor": "Daphney Curry",
        "Max": 32,
        "Curr": 17,
        "Aval": 15,
        "Year": 2021,
        "Semester": "Summer_2"
    },
    {
        "Col": "ED",
        "Crn": "40317",
        "Subj": "COUN",
        "Crse": "2143",
        "Sect": "DX1",
        "Title": "Human Diversity",
        "PrimaryInstructor": "Timothy Hinchman",
        "Max": 14,
        "Curr": 2,
        "Aval": 12,
        "Year": 2021,
        "Semester": "Summer_2"
    },
    {
        "Col": "ED",
        "Crn": "40134",
        "Subj": "COUN",
        "Crse": "2143",
        "Sect": "X40",
        "Title": "Human Diversity",
        "PrimaryInstructor": "Timothy Hinchman",
        "Max": 18,
        "Curr": 16,
        "Aval": 2,
        "Year": 2021,
        "Semester": "Summer_2"
    },
    {
        "Col": "ED",
        "Crn": "40320",
        "Subj": "COUN",
        "Crse": "2143",
        "Sect": "X41",
        "Title": "Human Diversity",
        "PrimaryInstructor": "Austin Kureethara Manuel",
        "Max": 32,
        "Curr": 17,
        "Aval": 15,
        "Year": 2021,
        "Semester": "Summer_2"
    },
    {
        "Col": "ED",
        "Crn": "40275",
        "Subj": "COUN",
        "Crse": "4333",
        "Sect": "DX1",
        "Title": "Employee Assistance Issues",
        "PrimaryInstructor": "Michaelle Kitchen",
        "Max": 10,
        "Curr": 6,
        "Aval": 4,
        "Year": 2021,
        "Semester": "Summer_2"
    },
    {
        "Col": "ED",
        "Crn": "40122",
        "Subj": "COUN",
        "Crse": "4333",
        "Sect": "X40",
        "Title": "Employee Assistance Issues",
        "PrimaryInstructor": "Michaelle Kitchen",
        "Max": 10,
        "Curr": 11,
        "Aval": -1,
        "Year": 2021,
        "Semester": "Summer_2"
    },
    {
        "Col": "ED",
        "Crn": "40414",
        "Subj": "COUN",
        "Crse": "5253",
        "Sect": "DX1",
        "Title": "Assessment",
        "PrimaryInstructor": "Katye Clark",
        "Max": 15,
        "Curr": 17,
        "Aval": -2,
        "Year": 2021,
        "Semester": "Summer_2"
    },
    {
        "Col": "ED",
        "Crn": "40415",
        "Subj": "COUN",
        "Crse": "5253",
        "Sect": "X40",
        "Title": "Assessment",
        "PrimaryInstructor": "Katye Clark",
        "Max": 8,
        "Curr": 9,
        "Aval": -1,
        "Year": 2021,
        "Semester": "Summer_2"
    },
    {
        "Col": "ED",
        "Crn": "40516",
        "Subj": "COUN",
        "Crse": "5253",
        "Sect": "X41",
        "Title": "Assessment",
        "PrimaryInstructor": "Tara Fox",
        "Max": 24,
        "Curr": 26,
        "Aval": -2,
        "Year": 2021,
        "Semester": "Summer_2"
    },
    {
        "Col": "ED",
        "Crn": "40276",
        "Subj": "COUN",
        "Crse": "5333",
        "Sect": "DX1",
        "Title": "Employee Assistance Issues",
        "PrimaryInstructor": "Michaelle Kitchen",
        "Max": 2,
        "Curr": 0,
        "Aval": 2,
        "Year": 2021,
        "Semester": "Summer_2"
    },
    {
        "Col": "ED",
        "Crn": "40124",
        "Subj": "COUN",
        "Crse": "5333",
        "Sect": "X40",
        "Title": "Employee Assistance Issues",
        "PrimaryInstructor": "Michaelle Kitchen",
        "Max": 10,
        "Curr": 3,
        "Aval": 7,
        "Year": 2021,
        "Semester": "Summer_2"
    },
    {
        "Col": "ED",
        "Crn": "40507",
        "Subj": "COUN",
        "Crse": "5513",
        "Sect": "DX1",
        "Title": "Coun Children-Clin Mental Hlth",
        "PrimaryInstructor": "Wendy Helmcamp",
        "Max": 4,
        "Curr": 3,
        "Aval": 1,
        "Year": 2021,
        "Semester": "Summer_2"
    },
    {
        "Col": "ED",
        "Crn": "40500",
        "Subj": "COUN",
        "Crse": "5513",
        "Sect": "X40",
        "Title": "Coun Children-Clin Mental Hlth",
        "PrimaryInstructor": "Wendy Helmcamp",
        "Max": 10,
        "Curr": 9,
        "Aval": 1,
        "Year": 2021,
        "Semester": "Summer_2"
    },
    {
        "Col": "ED",
        "Crn": "40506",
        "Subj": "COUN",
        "Crse": "6023",
        "Sect": "DX1",
        "Title": "Counseling Children",
        "PrimaryInstructor": "Wendy Helmcamp",
        "Max": 3,
        "Curr": 2,
        "Aval": 1,
        "Year": 2021,
        "Semester": "Summer_2"
    },
    {
        "Col": "ED",
        "Crn": "40499",
        "Subj": "COUN",
        "Crse": "6023",
        "Sect": "X40",
        "Title": "Counseling Children",
        "PrimaryInstructor": "Wendy Helmcamp",
        "Max": 8,
        "Curr": 4,
        "Aval": 4,
        "Year": 2021,
        "Semester": "Summer_2"
    },
    {
        "Col": "ED",
        "Crn": "40541",
        "Subj": "COUN",
        "Crse": "6903",
        "Sect": "DX1",
        "Title": "Ind Stdy:Substance Abuse Cnslg",
        "PrimaryInstructor": "Wendy Helmcamp",
        "Max": 2,
        "Curr": 2,
        "Aval": 0,
        "Year": 2021,
        "Semester": "Summer_2"
    },
    {
        "Col": "ED",
        "Crn": "40513",
        "Subj": "COUN",
        "Crse": "6903",
        "Sect": "X40",
        "Title": "Ind Stdy: Human Development",
        "PrimaryInstructor": "Wendy Helmcamp",
        "Max": 0,
        "Curr": 1,
        "Aval": -1,
        "Year": 2021,
        "Semester": "Summer_2"
    },
    {
        "Col": "HH",
        "Crn": "40056",
        "Subj": "CRJU",
        "Crse": "2233",
        "Sect": "X40",
        "Title": "Police Systems & Practices",
        "PrimaryInstructor": "Michael Alpers",
        "Max": 12,
        "Curr": 10,
        "Aval": 2,
        "Year": 2021,
        "Semester": "Summer_2"
    },
    {
        "Col": "HH",
        "Crn": "40057",
        "Subj": "CRJU",
        "Crse": "3103",
        "Sect": "X40",
        "Title": "Criminology",
        "PrimaryInstructor": "Ben Atkins",
        "Max": 12,
        "Curr": 12,
        "Aval": 0,
        "Year": 2021,
        "Semester": "Summer_2"
    },
    {
        "Col": "HH",
        "Crn": "40058",
        "Subj": "CRJU",
        "Crse": "3123",
        "Sect": "X40",
        "Title": "Theories of Crime Analysis",
        "PrimaryInstructor": "Robert Hanser",
        "Max": 12,
        "Curr": 4,
        "Aval": 8,
        "Year": 2021,
        "Semester": "Summer_2"
    },
    {
        "Col": "HH",
        "Crn": "40059",
        "Subj": "CRJU",
        "Crse": "3223",
        "Sect": "X40",
        "Title": "Terrorism",
        "PrimaryInstructor": "Ben Atkins",
        "Max": 12,
        "Curr": 2,
        "Aval": 10,
        "Year": 2021,
        "Semester": "Summer_2"
    },
    {
        "Col": "HH",
        "Crn": "40060",
        "Subj": "CRJU",
        "Crse": "3313",
        "Sect": "X40",
        "Title": "Law and Society",
        "PrimaryInstructor": "Nathan Moran",
        "Max": 12,
        "Curr": 9,
        "Aval": 3,
        "Year": 2021,
        "Semester": "Summer_2"
    },
    {
        "Col": "HH",
        "Crn": "40061",
        "Subj": "CRJU",
        "Crse": "3733",
        "Sect": "X40",
        "Title": "Juvenile Delinquency",
        "PrimaryInstructor": "Attapol Kuanliang",
        "Max": 12,
        "Curr": 12,
        "Aval": 0,
        "Year": 2021,
        "Semester": "Summer_2"
    },
    {
        "Col": "HH",
        "Crn": "40062",
        "Subj": "CRJU",
        "Crse": "4123",
        "Sect": "X40",
        "Title": "Educational Security",
        "PrimaryInstructor": "Michael Alpers",
        "Max": 12,
        "Curr": 12,
        "Aval": 0,
        "Year": 2021,
        "Semester": "Summer_2"
    },
    {
        "Col": "HH",
        "Crn": "40063",
        "Subj": "CRJU",
        "Crse": "4203",
        "Sect": "X40",
        "Title": "Civil Liab for Crim Just Prof",
        "PrimaryInstructor": "Laura Fidelie",
        "Max": 12,
        "Curr": 6,
        "Aval": 6,
        "Year": 2021,
        "Semester": "Summer_2"
    },
    {
        "Col": "HH",
        "Crn": "40064",
        "Subj": "CRJU",
        "Crse": "4213",
        "Sect": "X40",
        "Title": "Criminal Law",
        "PrimaryInstructor": "Laura Fidelie",
        "Max": 12,
        "Curr": 11,
        "Aval": 1,
        "Year": 2021,
        "Semester": "Summer_2"
    },
    {
        "Col": "HH",
        "Crn": "40065",
        "Subj": "CRJU",
        "Crse": "4273",
        "Sect": "X40",
        "Title": "Homeland Security",
        "PrimaryInstructor": "Ben Atkins",
        "Max": 12,
        "Curr": 6,
        "Aval": 6,
        "Year": 2021,
        "Semester": "Summer_2"
    },
    {
        "Col": "HH",
        "Crn": "40284",
        "Subj": "CRJU",
        "Crse": "4413",
        "Sect": "X40",
        "Title": "Administration of Justice",
        "PrimaryInstructor": "Michael Alpers",
        "Max": 12,
        "Curr": 6,
        "Aval": 6,
        "Year": 2021,
        "Semester": "Summer_2"
    },
    {
        "Col": "HH",
        "Crn": "40066",
        "Subj": "CRJU",
        "Crse": "4773",
        "Sect": "401",
        "Title": "Internship in Criminal Justice",
        "PrimaryInstructor": "Ben Atkins",
        "Max": 5,
        "Curr": 0,
        "Aval": 5,
        "Year": 2021,
        "Semester": "Summer_2"
    },
    {
        "Col": "HH",
        "Crn": "40067",
        "Subj": "CRJU",
        "Crse": "4773",
        "Sect": "402",
        "Title": "Internship in Criminal Justice",
        "PrimaryInstructor": "Ben Atkins",
        "Max": 5,
        "Curr": 0,
        "Aval": 5,
        "Year": 2021,
        "Semester": "Summer_2"
    },
    {
        "Col": "HH",
        "Crn": "40068",
        "Subj": "CRJU",
        "Crse": "4773",
        "Sect": "403",
        "Title": "Internship in Criminal Justice",
        "PrimaryInstructor": "Ben Atkins",
        "Max": 5,
        "Curr": 0,
        "Aval": 5,
        "Year": 2021,
        "Semester": "Summer_2"
    },
    {
        "Col": "HH",
        "Crn": "40069",
        "Subj": "CRJU",
        "Crse": "4773",
        "Sect": "404",
        "Title": "Internship in Criminal Justice",
        "PrimaryInstructor": "Ben Atkins",
        "Max": 5,
        "Curr": 0,
        "Aval": 5,
        "Year": 2021,
        "Semester": "Summer_2"
    },
    {
        "Col": "HH",
        "Crn": "40070",
        "Subj": "CRJU",
        "Crse": "4901",
        "Sect": "401",
        "Title": "Independent Studies",
        "PrimaryInstructor": "Nathan Moran",
        "Max": 5,
        "Curr": 0,
        "Aval": 5,
        "Year": 2021,
        "Semester": "Summer_2"
    },
    {
        "Col": "HH",
        "Crn": "40071",
        "Subj": "CRJU",
        "Crse": "4901",
        "Sect": "402",
        "Title": "Independent Studies",
        "PrimaryInstructor": "Laura Fidelie",
        "Max": 5,
        "Curr": 0,
        "Aval": 5,
        "Year": 2021,
        "Semester": "Summer_2"
    },
    {
        "Col": "HH",
        "Crn": "40072",
        "Subj": "CRJU",
        "Crse": "4901",
        "Sect": "403",
        "Title": "Independent Studies",
        "PrimaryInstructor": "Ben Atkins",
        "Max": 5,
        "Curr": 0,
        "Aval": 5,
        "Year": 2021,
        "Semester": "Summer_2"
    },
    {
        "Col": "HH",
        "Crn": "40076",
        "Subj": "CRJU",
        "Crse": "4903",
        "Sect": "401",
        "Title": "Independent Studies",
        "PrimaryInstructor": "Nathan Moran",
        "Max": 5,
        "Curr": 0,
        "Aval": 5,
        "Year": 2021,
        "Semester": "Summer_2"
    },
    {
        "Col": "HH",
        "Crn": "40077",
        "Subj": "CRJU",
        "Crse": "4903",
        "Sect": "402",
        "Title": "Independent Studies",
        "PrimaryInstructor": "Laura Fidelie",
        "Max": 5,
        "Curr": 0,
        "Aval": 5,
        "Year": 2021,
        "Semester": "Summer_2"
    },
    {
        "Col": "HH",
        "Crn": "40078",
        "Subj": "CRJU",
        "Crse": "4903",
        "Sect": "403",
        "Title": "Independent Studies",
        "PrimaryInstructor": "Ben Atkins",
        "Max": 5,
        "Curr": 0,
        "Aval": 5,
        "Year": 2021,
        "Semester": "Summer_2"
    },
    {
        "Col": "HH",
        "Crn": "40080",
        "Subj": "CRJU",
        "Crse": "4993",
        "Sect": "X40",
        "Title": "Capstone",
        "PrimaryInstructor": "Nathan Moran",
        "Max": 12,
        "Curr": 8,
        "Aval": 4,
        "Year": 2021,
        "Semester": "Summer_2"
    },
    {
        "Col": "HH",
        "Crn": "40081",
        "Subj": "CRJU",
        "Crse": "5333",
        "Sect": "X40",
        "Title": "Courts as Organizations",
        "PrimaryInstructor": "Laura Fidelie",
        "Max": 8,
        "Curr": 0,
        "Aval": 8,
        "Year": 2021,
        "Semester": "Summer_2"
    },
    {
        "Col": "HH",
        "Crn": "40082",
        "Subj": "CRJU",
        "Crse": "5363",
        "Sect": "X40",
        "Title": "The Juvenile Offender",
        "PrimaryInstructor": "Attapol Kuanliang",
        "Max": 8,
        "Curr": 1,
        "Aval": 7,
        "Year": 2021,
        "Semester": "Summer_2"
    },
    {
        "Col": "HH",
        "Crn": "40083",
        "Subj": "CRJU",
        "Crse": "6313",
        "Sect": "X40",
        "Title": "Comp & International Crim Just",
        "PrimaryInstructor": "Nathan Moran",
        "Max": 8,
        "Curr": 6,
        "Aval": 2,
        "Year": 2021,
        "Semester": "Summer_2"
    },
    {
        "Col": "HH",
        "Crn": "40231",
        "Subj": "CRJU",
        "Crse": "6393",
        "Sect": "X40",
        "Title": "Internship in Criminal Justice",
        "PrimaryInstructor": "Nathan Moran",
        "Max": 5,
        "Curr": 0,
        "Aval": 5,
        "Year": 2021,
        "Semester": "Summer_2"
    },
    {
        "Col": "ED",
        "Crn": "40319",
        "Subj": "ECED",
        "Crse": "3103",
        "Sect": "DX1",
        "Title": "Intro to Young Children",
        "PrimaryInstructor": "Daphney Curry",
        "Max": 15,
        "Curr": 2,
        "Aval": 13,
        "Year": 2021,
        "Semester": "Summer_2"
    },
    {
        "Col": "ED",
        "Crn": "40098",
        "Subj": "ECED",
        "Crse": "3103",
        "Sect": "X40",
        "Title": "Intro to Young Children",
        "PrimaryInstructor": "Daphney Curry",
        "Max": 41,
        "Curr": 21,
        "Aval": 20,
        "Year": 2021,
        "Semester": "Summer_2"
    },
    {
        "Col": "ED",
        "Crn": "40401",
        "Subj": "ECED",
        "Crse": "3173",
        "Sect": "DX1",
        "Title": "ESL Methods & Materials",
        "PrimaryInstructor": "Kelly Medellin",
        "Max": 8,
        "Curr": 7,
        "Aval": 1,
        "Year": 2021,
        "Semester": "Summer_2"
    },
    {
        "Col": "ED",
        "Crn": "40400",
        "Subj": "ECED",
        "Crse": "3173",
        "Sect": "X40",
        "Title": "ESL Methods & Materials",
        "PrimaryInstructor": "Kelly Medellin",
        "Max": 24,
        "Curr": 14,
        "Aval": 10,
        "Year": 2021,
        "Semester": "Summer_2"
    },
    {
        "Col": "ED",
        "Crn": "40471",
        "Subj": "ECED",
        "Crse": "4133",
        "Sect": "DX1",
        "Title": "Early Childhood Curriculum",
        "PrimaryInstructor": "Daphney Curry",
        "Max": 10,
        "Curr": 4,
        "Aval": 6,
        "Year": 2021,
        "Semester": "Summer_2"
    },
    {
        "Col": "ED",
        "Crn": "40470",
        "Subj": "ECED",
        "Crse": "4133",
        "Sect": "X40",
        "Title": "Early Childhood Curriculum",
        "PrimaryInstructor": "Daphney Curry",
        "Max": 25,
        "Curr": 20,
        "Aval": 5,
        "Year": 2021,
        "Semester": "Summer_2"
    },
    {
        "Col": "ED",
        "Crn": "40318",
        "Subj": "ECED",
        "Crse": "5103",
        "Sect": "DX1",
        "Title": "Intro to Young Children",
        "PrimaryInstructor": "Daphney Curry",
        "Max": 4,
        "Curr": 1,
        "Aval": 3,
        "Year": 2021,
        "Semester": "Summer_2"
    },
    {
        "Col": "ED",
        "Crn": "40100",
        "Subj": "ECED",
        "Crse": "5103",
        "Sect": "X40",
        "Title": "Intro to Young Children",
        "PrimaryInstructor": "Daphney Curry",
        "Max": 5,
        "Curr": 0,
        "Aval": 5,
        "Year": 2021,
        "Semester": "Summer_2"
    },
    {
        "Col": "ED",
        "Crn": "40505",
        "Subj": "ECED",
        "Crse": "5173",
        "Sect": "DX1",
        "Title": "ESL Methods & Materials",
        "PrimaryInstructor": "Kelly Medellin",
        "Max": 2,
        "Curr": 0,
        "Aval": 2,
        "Year": 2021,
        "Semester": "Summer_2"
    },
    {
        "Col": "ED",
        "Crn": "40498",
        "Subj": "ECED",
        "Crse": "5173",
        "Sect": "X40",
        "Title": "ESL Methods & Materials",
        "PrimaryInstructor": "Kelly Medellin",
        "Max": 3,
        "Curr": 1,
        "Aval": 2,
        "Year": 2021,
        "Semester": "Summer_2"
    },
    {
        "Col": "BA",
        "Crn": "40147",
        "Subj": "ECON",
        "Crse": "2433",
        "Sect": "X40",
        "Title": "Microeconomic Principles",
        "PrimaryInstructor": "Sanchari Choudhury",
        "Max": 35,
        "Curr": 7,
        "Aval": 28,
        "Year": 2021,
        "Semester": "Summer_2"
    },
    {
        "Col": "BA",
        "Crn": "40151",
        "Subj": "ECON",
        "Crse": "4551",
        "Sect": "401",
        "Title": "Ind Study in Economics",
        "PrimaryInstructor": "Robert Forrester",
        "Max": 5,
        "Curr": 0,
        "Aval": 5,
        "Year": 2021,
        "Semester": "Summer_2"
    },
    {
        "Col": "BA",
        "Crn": "40154",
        "Subj": "ECON",
        "Crse": "4552",
        "Sect": "401",
        "Title": "Ind Study in Economics",
        "PrimaryInstructor": "Robert Forrester",
        "Max": 5,
        "Curr": 0,
        "Aval": 5,
        "Year": 2021,
        "Semester": "Summer_2"
    },
    {
        "Col": "BA",
        "Crn": "40157",
        "Subj": "ECON",
        "Crse": "4553",
        "Sect": "401",
        "Title": "Ind Study in Economics",
        "PrimaryInstructor": "Robert Forrester",
        "Max": 5,
        "Curr": 0,
        "Aval": 5,
        "Year": 2021,
        "Semester": "Summer_2"
    },
    {
        "Col": "BA",
        "Crn": "40161",
        "Subj": "ECON",
        "Crse": "4893",
        "Sect": "401",
        "Title": "Internship in Economics",
        "PrimaryInstructor": "Shih Yung Chou",
        "Max": 5,
        "Curr": 1,
        "Aval": 4,
        "Year": 2021,
        "Semester": "Summer_2"
    },
    {
        "Col": "BA",
        "Crn": "40163",
        "Subj": "ECON",
        "Crse": "6553",
        "Sect": "401",
        "Title": "Ind Grad Study in Economics",
        "PrimaryInstructor": "Robert Forrester",
        "Max": 5,
        "Curr": 0,
        "Aval": 5,
        "Year": 2021,
        "Semester": "Summer_2"
    },
    {
        "Col": "ED",
        "Crn": "40274",
        "Subj": "EDLE",
        "Crse": "5653",
        "Sect": "DX1",
        "Title": "Bldg Sch Comm for Diverse Lnrs",
        "PrimaryInstructor": "Kym Acuna",
        "Max": 10,
        "Curr": 4,
        "Aval": 6,
        "Year": 2021,
        "Semester": "Summer_2"
    },
    {
        "Col": "ED",
        "Crn": "40132",
        "Subj": "EDLE",
        "Crse": "5653",
        "Sect": "X40",
        "Title": "Bldg Sch Comm for Diverse Lnrs",
        "PrimaryInstructor": "Kym Acuna",
        "Max": 25,
        "Curr": 12,
        "Aval": 13,
        "Year": 2021,
        "Semester": "Summer_2"
    },
    {
        "Col": "ED",
        "Crn": "40273",
        "Subj": "EDLE",
        "Crse": "5663",
        "Sect": "DX1",
        "Title": "Comm Politics & Public Relatns",
        "PrimaryInstructor": "Kym Acuna",
        "Max": 10,
        "Curr": 5,
        "Aval": 5,
        "Year": 2021,
        "Semester": "Summer_2"
    },
    {
        "Col": "ED",
        "Crn": "40129",
        "Subj": "EDLE",
        "Crse": "5663",
        "Sect": "X40",
        "Title": "Comm Politics & Public Relatns",
        "PrimaryInstructor": "Kym Acuna",
        "Max": 25,
        "Curr": 9,
        "Aval": 16,
        "Year": 2021,
        "Semester": "Summer_2"
    },
    {
        "Col": "ED",
        "Crn": "40469",
        "Subj": "EDUC",
        "Crse": "2013",
        "Sect": "X40",
        "Title": "School & Society",
        "PrimaryInstructor": "Marci Moore",
        "Max": 32,
        "Curr": 15,
        "Aval": 17,
        "Year": 2021,
        "Semester": "Summer_2"
    },
    {
        "Col": "ED",
        "Crn": "40527",
        "Subj": "EDUC",
        "Crse": "3183",
        "Sect": "X40",
        "Title": "Classroom Assessment",
        "PrimaryInstructor": "Suzanne Lindt",
        "Max": 20,
        "Curr": 7,
        "Aval": 13,
        "Year": 2021,
        "Semester": "Summer_2"
    },
    {
        "Col": "ED",
        "Crn": "40397",
        "Subj": "EDUC",
        "Crse": "4533",
        "Sect": "DX1",
        "Title": "Inst Stratg for Adult Learners",
        "PrimaryInstructor": "Penny Miller",
        "Max": 15,
        "Curr": 2,
        "Aval": 13,
        "Year": 2021,
        "Semester": "Summer_2"
    },
    {
        "Col": "ED",
        "Crn": "40396",
        "Subj": "EDUC",
        "Crse": "4533",
        "Sect": "X40",
        "Title": "Inst Stratg for Adult Learners",
        "PrimaryInstructor": "Penny Miller",
        "Max": 12,
        "Curr": 7,
        "Aval": 5,
        "Year": 2021,
        "Semester": "Summer_2"
    },
    {
        "Col": "ED",
        "Crn": "40399",
        "Subj": "EDUC",
        "Crse": "5533",
        "Sect": "DX1",
        "Title": "Inst Stratg for Adult Learners",
        "PrimaryInstructor": "Penny Miller",
        "Max": 3,
        "Curr": 1,
        "Aval": 2,
        "Year": 2021,
        "Semester": "Summer_2"
    },
    {
        "Col": "ED",
        "Crn": "40398",
        "Subj": "EDUC",
        "Crse": "5533",
        "Sect": "X40",
        "Title": "Inst Stratg for Adult Learners",
        "PrimaryInstructor": "Penny Miller",
        "Max": 12,
        "Curr": 3,
        "Aval": 9,
        "Year": 2021,
        "Semester": "Summer_2"
    },
    {
        "Col": "HM",
        "Crn": "40462",
        "Subj": "ENGL",
        "Crse": "1143",
        "Sect": "X40",
        "Title": "Academic Research & Writing",
        "PrimaryInstructor": "Rebecca Green",
        "Max": 15,
        "Curr": 12,
        "Aval": 3,
        "Year": 2021,
        "Semester": "Summer_2"
    },
    {
        "Col": "HM",
        "Crn": "40086",
        "Subj": "ENGL",
        "Crse": "2113",
        "Sect": "X40",
        "Title": "Intermed Composition & Grammar",
        "PrimaryInstructor": "John Schulze",
        "Max": 15,
        "Curr": 15,
        "Aval": 0,
        "Year": 2021,
        "Semester": "Summer_2"
    },
    {
        "Col": "HM",
        "Crn": "40232",
        "Subj": "ENGL",
        "Crse": "2113",
        "Sect": "X41",
        "Title": "Intermed Composition & Grammar",
        "PrimaryInstructor": "Peter Fields",
        "Max": 15,
        "Curr": 13,
        "Aval": 2,
        "Year": 2021,
        "Semester": "Summer_2"
    },
    {
        "Col": "HM",
        "Crn": "40411",
        "Subj": "ENGL",
        "Crse": "2113",
        "Sect": "X42",
        "Title": "Intermed Composition & Grammar",
        "PrimaryInstructor": "Wonjeong Kim",
        "Max": 15,
        "Curr": 15,
        "Aval": 0,
        "Year": 2021,
        "Semester": "Summer_2"
    },
    {
        "Col": "HM",
        "Crn": "40412",
        "Subj": "ENGL",
        "Crse": "2113",
        "Sect": "X43",
        "Title": "Intermed Composition & Grammar",
        "PrimaryInstructor": "Melissa Nivens",
        "Max": 15,
        "Curr": 16,
        "Aval": -1,
        "Year": 2021,
        "Semester": "Summer_2"
    },
    {
        "Col": "HM",
        "Crn": "40523",
        "Subj": "ENGL",
        "Crse": "2113",
        "Sect": "X44",
        "Title": "Intermed Composition & Grammar",
        "PrimaryInstructor": "Melissa Nivens",
        "Max": 15,
        "Curr": 15,
        "Aval": 0,
        "Year": 2021,
        "Semester": "Summer_2"
    },
    {
        "Col": "HM",
        "Crn": "40478",
        "Subj": "ENGL",
        "Crse": "2823",
        "Sect": "X40",
        "Title": "Survey Engl Literature",
        "PrimaryInstructor": "Robert Johnson",
        "Max": 20,
        "Curr": 11,
        "Aval": 9,
        "Year": 2021,
        "Semester": "Summer_2"
    },
    {
        "Col": "HM",
        "Crn": "40087",
        "Subj": "ENGL",
        "Crse": "3000",
        "Sect": "401",
        "Title": "Writing Center Internship",
        "PrimaryInstructor": "Ashley Hurst",
        "Max": 0,
        "Curr": 0,
        "Aval": 0,
        "Year": 2021,
        "Semester": "Summer_2"
    },
    {
        "Col": "HM",
        "Crn": "40090",
        "Subj": "ENGL",
        "Crse": "4993",
        "Sect": "401",
        "Title": "Ind Study in English",
        "PrimaryInstructor": "TBA STAFF",
        "Max": 0,
        "Curr": 0,
        "Aval": 0,
        "Year": 2021,
        "Semester": "Summer_2"
    },
    {
        "Col": "HM",
        "Crn": "40091",
        "Subj": "ENGL",
        "Crse": "5003",
        "Sect": "401",
        "Title": "Ind Grad Study in English",
        "PrimaryInstructor": "TBA STAFF",
        "Max": 0,
        "Curr": 0,
        "Aval": 0,
        "Year": 2021,
        "Semester": "Summer_2"
    },
    {
        "Col": "HM",
        "Crn": "40092",
        "Subj": "ENGL",
        "Crse": "6993",
        "Sect": "401",
        "Title": "Thesis",
        "PrimaryInstructor": "John Schulze",
        "Max": 0,
        "Curr": 1,
        "Aval": -1,
        "Year": 2021,
        "Semester": "Summer_2"
    },
    {
        "Col": "HM",
        "Crn": "40522",
        "Subj": "ENGL",
        "Crse": "6993",
        "Sect": "402",
        "Title": "Thesis",
        "PrimaryInstructor": "TBA STAFF",
        "Max": 0,
        "Curr": 0,
        "Aval": 0,
        "Year": 2021,
        "Semester": "Summer_2"
    },
    {
        "Col": "SE",
        "Crn": "40511",
        "Subj": "ENSC",
        "Crse": "1114",
        "Sect": "X40",
        "Title": "Fndtns Environmental Science",
        "PrimaryInstructor": "Rebecca Dodge",
        "Max": 30,
        "Curr": 20,
        "Aval": 10,
        "Year": 2021,
        "Semester": "Summer_2"
    },
    {
        "Col": "SE",
        "Crn": "40512",
        "Subj": "ENSC",
        "Crse": "1114",
        "Sect": "X4A",
        "Title": "Fndtns Environmental Sci Lab",
        "PrimaryInstructor": "Rebecca Dodge",
        "Max": 30,
        "Curr": 20,
        "Aval": 10,
        "Year": 2021,
        "Semester": "Summer_2"
    },
    {
        "Col": "SE",
        "Crn": "40152",
        "Subj": "ENSC",
        "Crse": "4103",
        "Sect": "401",
        "Title": "Internship",
        "PrimaryInstructor": "Jonathan Price",
        "Max": 0,
        "Curr": 1,
        "Aval": -1,
        "Year": 2021,
        "Semester": "Summer_2"
    },
    {
        "Col": "ED",
        "Crn": "40528",
        "Subj": "EPSY",
        "Crse": "3153",
        "Sect": "X41",
        "Title": "Educational Psychology",
        "PrimaryInstructor": "Christina McIntyre",
        "Max": 20,
        "Curr": 6,
        "Aval": 14,
        "Year": 2021,
        "Semester": "Summer_2"
    },
    {
        "Col": "ED",
        "Crn": "40540",
        "Subj": "EPSY",
        "Crse": "5803",
        "Sect": "X40",
        "Title": "Hum Dev Behav & Learn Theory",
        "PrimaryInstructor": "Christina McIntyre",
        "Max": 0,
        "Curr": 0,
        "Aval": 0,
        "Year": 2021,
        "Semester": "Summer_2"
    },
    {
        "Col": "HH",
        "Crn": "40050",
        "Subj": "EXPH",
        "Crse": "2333",
        "Sect": "X40",
        "Title": "Intro to Sports Nutrition",
        "PrimaryInstructor": "Soon-Mi Choi",
        "Max": 30,
        "Curr": 14,
        "Aval": 16,
        "Year": 2021,
        "Semester": "Summer_2"
    },
    {
        "Col": "HH",
        "Crn": "40051",
        "Subj": "EXPH",
        "Crse": "4963",
        "Sect": "X40",
        "Title": "Clinical Exercise Phys II",
        "PrimaryInstructor": "Frank Wyatt",
        "Max": 10,
        "Curr": 11,
        "Aval": -1,
        "Year": 2021,
        "Semester": "Summer_2"
    },
    {
        "Col": "HH",
        "Crn": "40525",
        "Subj": "EXPH",
        "Crse": "4992",
        "Sect": "401",
        "Title": "Ind Study in Exercise Phys",
        "PrimaryInstructor": "Frank Wyatt",
        "Max": 1,
        "Curr": 1,
        "Aval": 0,
        "Year": 2021,
        "Semester": "Summer_2"
    },
    {
        "Col": "HH",
        "Crn": "40348",
        "Subj": "EXPH",
        "Crse": "6993",
        "Sect": "401",
        "Title": "Thesis II",
        "PrimaryInstructor": "Frank Wyatt",
        "Max": 5,
        "Curr": 0,
        "Aval": 5,
        "Year": 2021,
        "Semester": "Summer_2"
    },
    {
        "Col": "BA",
        "Crn": "40377",
        "Subj": "FINC",
        "Crse": "3413",
        "Sect": "X40",
        "Title": "Principles of Real Estate",
        "PrimaryInstructor": "Robert Forrester",
        "Max": 30,
        "Curr": 31,
        "Aval": -1,
        "Year": 2021,
        "Semester": "Summer_2"
    },
    {
        "Col": "BA",
        "Crn": "40166",
        "Subj": "FINC",
        "Crse": "3733",
        "Sect": "X40",
        "Title": "Business Finance",
        "PrimaryInstructor": "Yung-Chou Lei",
        "Max": 30,
        "Curr": 12,
        "Aval": 18,
        "Year": 2021,
        "Semester": "Summer_2"
    },
    {
        "Col": "BA",
        "Crn": "40167",
        "Subj": "FINC",
        "Crse": "4551",
        "Sect": "401",
        "Title": "Ind Study in Finance",
        "PrimaryInstructor": "Robert Forrester",
        "Max": 5,
        "Curr": 0,
        "Aval": 5,
        "Year": 2021,
        "Semester": "Summer_2"
    },
    {
        "Col": "BA",
        "Crn": "40168",
        "Subj": "FINC",
        "Crse": "4552",
        "Sect": "401",
        "Title": "Ind Study in Finance",
        "PrimaryInstructor": "Robert Forrester",
        "Max": 5,
        "Curr": 0,
        "Aval": 5,
        "Year": 2021,
        "Semester": "Summer_2"
    },
    {
        "Col": "BA",
        "Crn": "40169",
        "Subj": "FINC",
        "Crse": "4553",
        "Sect": "401",
        "Title": "Ind Study in Finance",
        "PrimaryInstructor": "Robert Forrester",
        "Max": 5,
        "Curr": 0,
        "Aval": 5,
        "Year": 2021,
        "Semester": "Summer_2"
    },
    {
        "Col": "BA",
        "Crn": "40170",
        "Subj": "FINC",
        "Crse": "4733",
        "Sect": "X40",
        "Title": "Investments",
        "PrimaryInstructor": "Yung-Chou Lei",
        "Max": 30,
        "Curr": 18,
        "Aval": 12,
        "Year": 2021,
        "Semester": "Summer_2"
    },
    {
        "Col": "BA",
        "Crn": "40171",
        "Subj": "FINC",
        "Crse": "4893",
        "Sect": "401",
        "Title": "Internship in Finance",
        "PrimaryInstructor": "Shih Yung Chou",
        "Max": 5,
        "Curr": 3,
        "Aval": 2,
        "Year": 2021,
        "Semester": "Summer_2"
    },
    {
        "Col": "BA",
        "Crn": "40172",
        "Subj": "FINC",
        "Crse": "6553",
        "Sect": "401",
        "Title": "Ind Grad Study in Finance",
        "PrimaryInstructor": "Robert Forrester",
        "Max": 5,
        "Curr": 0,
        "Aval": 5,
        "Year": 2021,
        "Semester": "Summer_2"
    },
    {
        "Col": "HM",
        "Crn": "40106",
        "Subj": "GEOG",
        "Crse": "3013",
        "Sect": "X40",
        "Title": "Geography of North America",
        "PrimaryInstructor": "Christopher Gore",
        "Max": 30,
        "Curr": 8,
        "Aval": 22,
        "Year": 2021,
        "Semester": "Summer_2"
    },
    {
        "Col": "SE",
        "Crn": "40153",
        "Subj": "GEOS",
        "Crse": "4911",
        "Sect": "401",
        "Title": "Ind Study in Geo Sci/Env Sci",
        "PrimaryInstructor": "Andrew Katumwehe",
        "Max": 0,
        "Curr": 1,
        "Aval": -1,
        "Year": 2021,
        "Semester": "Summer_2"
    },
    {
        "Col": "SE",
        "Crn": "40155",
        "Subj": "GEOS",
        "Crse": "4912",
        "Sect": "401",
        "Title": "Ind Study in Geo Sci/Env Sci",
        "PrimaryInstructor": "Jonathan Price",
        "Max": 0,
        "Curr": 0,
        "Aval": 0,
        "Year": 2021,
        "Semester": "Summer_2"
    },
    {
        "Col": "SE",
        "Crn": "40156",
        "Subj": "GEOS",
        "Crse": "4913",
        "Sect": "401",
        "Title": "Ind Study in Geo Sci/Env Sci",
        "PrimaryInstructor": "Jonathan Price",
        "Max": 0,
        "Curr": 0,
        "Aval": 0,
        "Year": 2021,
        "Semester": "Summer_2"
    },
    {
        "Col": "SE",
        "Crn": "40158",
        "Subj": "GEOS",
        "Crse": "6983",
        "Sect": "401",
        "Title": "Thesis I",
        "PrimaryInstructor": "Jonathan Price",
        "Max": 0,
        "Curr": 0,
        "Aval": 0,
        "Year": 2021,
        "Semester": "Summer_2"
    },
    {
        "Col": "SE",
        "Crn": "40160",
        "Subj": "GEOS",
        "Crse": "6993",
        "Sect": "401",
        "Title": "Thesis II",
        "PrimaryInstructor": "William Meddaugh",
        "Max": 0,
        "Curr": 0,
        "Aval": 0,
        "Year": 2021,
        "Semester": "Summer_2"
    },
    {
        "Col": "SE",
        "Crn": "40542",
        "Subj": "GEOS",
        "Crse": "6993",
        "Sect": "402",
        "Title": "Thesis II",
        "PrimaryInstructor": "Jonathan Price",
        "Max": 1,
        "Curr": 0,
        "Aval": 1,
        "Year": 2021,
        "Semester": "Summer_2"
    },
    {
        "Col": "HM",
        "Crn": "40490",
        "Subj": "HIST",
        "Crse": "1133",
        "Sect": "X40",
        "Title": "Survey Amer Hist to 1865",
        "PrimaryInstructor": "Sierra Trenhaile",
        "Max": 30,
        "Curr": 27,
        "Aval": 3,
        "Year": 2021,
        "Semester": "Summer_2"
    },
    {
        "Col": "HM",
        "Crn": "40236",
        "Subj": "HIST",
        "Crse": "1233",
        "Sect": "X40",
        "Title": "Survey Amer Hist since 1865",
        "PrimaryInstructor": "Phimmasone ",
        "Max": 30,
        "Curr": 8,
        "Aval": 22,
        "Year": 2021,
        "Semester": "Summer_2"
    },
    {
        "Col": "HM",
        "Crn": "40458",
        "Subj": "HIST",
        "Crse": "1233",
        "Sect": "X41",
        "Title": "Survey Amer Hist since 1865",
        "PrimaryInstructor": "Amanda Biles",
        "Max": 30,
        "Curr": 19,
        "Aval": 11,
        "Year": 2021,
        "Semester": "Summer_2"
    },
    {
        "Col": "HM",
        "Crn": "40459",
        "Subj": "HIST",
        "Crse": "1233",
        "Sect": "X42",
        "Title": "Survey Amer Hist since 1865",
        "PrimaryInstructor": "Whitney Snow",
        "Max": 30,
        "Curr": 29,
        "Aval": 1,
        "Year": 2021,
        "Semester": "Summer_2"
    },
    {
        "Col": "HM",
        "Crn": "40113",
        "Subj": "HIST",
        "Crse": "4953",
        "Sect": "401",
        "Title": "Ind Study in History",
        "PrimaryInstructor": "TBA STAFF",
        "Max": 5,
        "Curr": 0,
        "Aval": 5,
        "Year": 2021,
        "Semester": "Summer_2"
    },
    {
        "Col": "HM",
        "Crn": "40114",
        "Subj": "HIST",
        "Crse": "5003",
        "Sect": "401",
        "Title": "Ind Grad Study in History",
        "PrimaryInstructor": "Tiffany Ziegler",
        "Max": 5,
        "Curr": 1,
        "Aval": 4,
        "Year": 2021,
        "Semester": "Summer_2"
    },
    {
        "Col": "HM",
        "Crn": "40515",
        "Subj": "HIST",
        "Crse": "6983",
        "Sect": "401",
        "Title": "Thesis",
        "PrimaryInstructor": "Tiffany Ziegler",
        "Max": 10,
        "Curr": 1,
        "Aval": 9,
        "Year": 2021,
        "Semester": "Summer_2"
    },
    {
        "Col": "HM",
        "Crn": "40543",
        "Subj": "HIST",
        "Crse": "6983",
        "Sect": "402",
        "Title": "Thesis",
        "PrimaryInstructor": "Mary Draper",
        "Max": 1,
        "Curr": 1,
        "Aval": 0,
        "Year": 2021,
        "Semester": "Summer_2"
    },
    {
        "Col": "HM",
        "Crn": "40116",
        "Subj": "HIST",
        "Crse": "6993",
        "Sect": "401",
        "Title": "Thesis",
        "PrimaryInstructor": "TBA STAFF",
        "Max": 5,
        "Curr": 0,
        "Aval": 5,
        "Year": 2021,
        "Semester": "Summer_2"
    },
    {
        "Col": "HM",
        "Crn": "40093",
        "Subj": "HUMN",
        "Crse": "2043",
        "Sect": "X40",
        "Title": "Mid 19th-20th Centuries",
        "PrimaryInstructor": "Kirsten Lodge",
        "Max": 15,
        "Curr": 21,
        "Aval": -6,
        "Year": 2021,
        "Semester": "Summer_2"
    },
    {
        "Col": "HM",
        "Crn": "40094",
        "Subj": "HUMN",
        "Crse": "4043",
        "Sect": "X40",
        "Title": "Mid 19th-20th Centuries",
        "PrimaryInstructor": "Kirsten Lodge",
        "Max": 5,
        "Curr": 2,
        "Aval": 3,
        "Year": 2021,
        "Semester": "Summer_2"
    },
    {
        "Col": "ED",
        "Crn": "40393",
        "Subj": "IDT",
        "Crse": "4123",
        "Sect": "DX1",
        "Title": "Instructional Technlg Design",
        "PrimaryInstructor": "Pamela Morgan",
        "Max": 5,
        "Curr": 2,
        "Aval": 3,
        "Year": 2021,
        "Semester": "Summer_2"
    },
    {
        "Col": "ED",
        "Crn": "40392",
        "Subj": "IDT",
        "Crse": "4123",
        "Sect": "X40",
        "Title": "Instructional Technlg Design",
        "PrimaryInstructor": "Pamela Morgan",
        "Max": 10,
        "Curr": 8,
        "Aval": 2,
        "Year": 2021,
        "Semester": "Summer_2"
    },
    {
        "Col": "ED",
        "Crn": "40395",
        "Subj": "IDT",
        "Crse": "5123",
        "Sect": "DX1",
        "Title": "Instructional Technlg Design",
        "PrimaryInstructor": "Pamela Morgan",
        "Max": 5,
        "Curr": 1,
        "Aval": 4,
        "Year": 2021,
        "Semester": "Summer_2"
    },
    {
        "Col": "ED",
        "Crn": "40394",
        "Subj": "IDT",
        "Crse": "5123",
        "Sect": "X40",
        "Title": "Instructional Technlg Design",
        "PrimaryInstructor": "Pamela Morgan",
        "Max": 5,
        "Curr": 5,
        "Aval": 0,
        "Year": 2021,
        "Semester": "Summer_2"
    },
    {
        "Col": "ED",
        "Crn": "40442",
        "Subj": "KNES",
        "Crse": "4913",
        "Sect": "DX1",
        "Title": "Special Topics in Kinesiology",
        "PrimaryInstructor": "Carrie Waisner-Taylor",
        "Max": 5,
        "Curr": 0,
        "Aval": 5,
        "Year": 2021,
        "Semester": "Summer_2"
    },
    {
        "Col": "ED",
        "Crn": "40308",
        "Subj": "KNES",
        "Crse": "4913",
        "Sect": "X40",
        "Title": "Special Topics in Kinesiology",
        "PrimaryInstructor": "Carrie Waisner-Taylor",
        "Max": 20,
        "Curr": 24,
        "Aval": -4,
        "Year": 2021,
        "Semester": "Summer_2"
    },
    {
        "Col": "BA",
        "Crn": "40173",
        "Subj": "LSBA",
        "Crse": "4551",
        "Sect": "401",
        "Title": "Ind Std -Legal Std in Busn Adm",
        "PrimaryInstructor": "TBA STAFF",
        "Max": 5,
        "Curr": 0,
        "Aval": 5,
        "Year": 2021,
        "Semester": "Summer_2"
    },
    {
        "Col": "BA",
        "Crn": "40174",
        "Subj": "LSBA",
        "Crse": "4552",
        "Sect": "401",
        "Title": "Ind Std -Legal Std in Busn Adm",
        "PrimaryInstructor": "TBA STAFF",
        "Max": 5,
        "Curr": 0,
        "Aval": 5,
        "Year": 2021,
        "Semester": "Summer_2"
    },
    {
        "Col": "BA",
        "Crn": "40175",
        "Subj": "LSBA",
        "Crse": "4553",
        "Sect": "401",
        "Title": "Ind Std -Legal Std in Busn Adm",
        "PrimaryInstructor": "TBA STAFF",
        "Max": 5,
        "Curr": 0,
        "Aval": 5,
        "Year": 2021,
        "Semester": "Summer_2"
    },
    {
        "Col": "BA",
        "Crn": "40176",
        "Subj": "LSBA",
        "Crse": "4893",
        "Sect": "401",
        "Title": "Internship Legal Std Busn Adm",
        "PrimaryInstructor": "Shih Yung Chou",
        "Max": 5,
        "Curr": 0,
        "Aval": 5,
        "Year": 2021,
        "Semester": "Summer_2"
    },
    {
        "Col": "SE",
        "Crn": "40180",
        "Subj": "MATH",
        "Crse": "1433",
        "Sect": "X40",
        "Title": "Plane Trigonometry",
        "PrimaryInstructor": "Jacob Mescher",
        "Max": 30,
        "Curr": 20,
        "Aval": 10,
        "Year": 2021,
        "Semester": "Summer_2"
    },
    {
        "Col": "SE",
        "Crn": "40381",
        "Subj": "MATH",
        "Crse": "2753",
        "Sect": "401",
        "Title": "Linear Algebra",
        "PrimaryInstructor": "Jeffrey Hood",
        "Max": 15,
        "Curr": 14,
        "Aval": 1,
        "Days": "MTWR",
        "Begin": "0800am",
        "End": "1000am",
        "Bldg": "BO",
        "Room": "109",
        "Year": 2021,
        "Semester": "Summer_2"
    },
    {
        "Col": "FA",
        "Crn": "40282",
        "Subj": "MCOM",
        "Crse": "1233",
        "Sect": "X40",
        "Title": "Mass Media and Society",
        "PrimaryInstructor": "Christopher Damico",
        "Max": 30,
        "Curr": 15,
        "Aval": 15,
        "Year": 2021,
        "Semester": "Summer_2"
    },
    {
        "Col": "SE",
        "Crn": "40529",
        "Subj": "MENG",
        "Crse": "3003",
        "Sect": "X40",
        "Title": "Independent Study - CAE",
        "PrimaryInstructor": "Pranaya Pokharel",
        "Max": 1,
        "Curr": 1,
        "Aval": 0,
        "Year": 2021,
        "Semester": "Summer_2"
    },
    {
        "Col": "SE",
        "Crn": "40426",
        "Subj": "MENG",
        "Crse": "3123",
        "Sect": "401",
        "Title": "Measurements & Instrumentation",
        "PrimaryInstructor": "Pranaya Pokharel",
        "Max": 12,
        "Curr": 5,
        "Aval": 7,
        "Days": "MTWR",
        "Begin": "0800am",
        "End": "1000am",
        "Bldg": "MY",
        "Room": "207",
        "Year": 2021,
        "Semester": "Summer_2"
    },
    {
        "Col": "SE",
        "Crn": "40427",
        "Subj": "MENG",
        "Crse": "3123",
        "Sect": "41A",
        "Title": "Measurements & Instrument Lab",
        "PrimaryInstructor": "Pranaya Pokharel",
        "Max": 12,
        "Curr": 5,
        "Aval": 7,
        "Days": "TR",
        "Begin": "0230pm",
        "End": "0430pm",
        "Bldg": "MY",
        "Room": "116",
        "Year": 2021,
        "Semester": "Summer_2"
    },
    {
        "Col": "BA",
        "Crn": "40177",
        "Subj": "MGMT",
        "Crse": "3013",
        "Sect": "X40",
        "Title": "Orgnztl Behavior in Business",
        "PrimaryInstructor": "Shih Yung Chou",
        "Max": 34,
        "Curr": 10,
        "Aval": 24,
        "Year": 2021,
        "Semester": "Summer_2"
    },
    {
        "Col": "BA",
        "Crn": "40179",
        "Subj": "MGMT",
        "Crse": "4551",
        "Sect": "401",
        "Title": "Ind Study in Management",
        "PrimaryInstructor": "Shih Yung Chou",
        "Max": 5,
        "Curr": 0,
        "Aval": 5,
        "Year": 2021,
        "Semester": "Summer_2"
    },
    {
        "Col": "BA",
        "Crn": "40181",
        "Subj": "MGMT",
        "Crse": "4552",
        "Sect": "401",
        "Title": "Ind Study in Management",
        "PrimaryInstructor": "Shih Yung Chou",
        "Max": 5,
        "Curr": 0,
        "Aval": 5,
        "Year": 2021,
        "Semester": "Summer_2"
    },
    {
        "Col": "BA",
        "Crn": "40183",
        "Subj": "MGMT",
        "Crse": "4553",
        "Sect": "401",
        "Title": "Ind Study in Management",
        "PrimaryInstructor": "Shih Yung Chou",
        "Max": 5,
        "Curr": 0,
        "Aval": 5,
        "Year": 2021,
        "Semester": "Summer_2"
    },
    {
        "Col": "BA",
        "Crn": "40184",
        "Subj": "MGMT",
        "Crse": "4613",
        "Sect": "X40",
        "Title": "Supervisory Skills",
        "PrimaryInstructor": "Shih Yung Chou",
        "Max": 34,
        "Curr": 27,
        "Aval": 7,
        "Year": 2021,
        "Semester": "Summer_2"
    },
    {
        "Col": "BA",
        "Crn": "40186",
        "Subj": "MGMT",
        "Crse": "4893",
        "Sect": "401",
        "Title": "Internship in Mgmt",
        "PrimaryInstructor": "Shih Yung Chou",
        "Max": 5,
        "Curr": 3,
        "Aval": 2,
        "Year": 2021,
        "Semester": "Summer_2"
    },
    {
        "Col": "BA",
        "Crn": "40187",
        "Subj": "MGMT",
        "Crse": "6553",
        "Sect": "401",
        "Title": "Ind Grad Study in Management",
        "PrimaryInstructor": "Shih Yung Chou",
        "Max": 5,
        "Curr": 0,
        "Aval": 5,
        "Year": 2021,
        "Semester": "Summer_2"
    },
    {
        "Col": "BA",
        "Crn": "40188",
        "Subj": "MGMT",
        "Crse": "6663",
        "Sect": "X40",
        "Title": "Spec Grad Topics in Management",
        "PrimaryInstructor": "Kathryn Stewart",
        "Max": 20,
        "Curr": 7,
        "Aval": 13,
        "Year": 2021,
        "Semester": "Summer_2"
    },
    {
        "Col": "BA",
        "Crn": "40189",
        "Subj": "MIS",
        "Crse": "3003",
        "Sect": "X40",
        "Title": "Management Information Systems",
        "PrimaryInstructor": "Jiaxi Luo",
        "Max": 35,
        "Curr": 20,
        "Aval": 15,
        "Year": 2021,
        "Semester": "Summer_2"
    },
    {
        "Col": "BA",
        "Crn": "40190",
        "Subj": "MIS",
        "Crse": "4551",
        "Sect": "401",
        "Title": "Ind Study in Mgmt Info Sys",
        "PrimaryInstructor": "TBA STAFF",
        "Max": 5,
        "Curr": 0,
        "Aval": 5,
        "Year": 2021,
        "Semester": "Summer_2"
    },
    {
        "Col": "BA",
        "Crn": "40191",
        "Subj": "MIS",
        "Crse": "4552",
        "Sect": "401",
        "Title": "Ind Study in Mgmt Info Sys",
        "PrimaryInstructor": "TBA STAFF",
        "Max": 5,
        "Curr": 0,
        "Aval": 5,
        "Year": 2021,
        "Semester": "Summer_2"
    },
    {
        "Col": "BA",
        "Crn": "40192",
        "Subj": "MIS",
        "Crse": "4553",
        "Sect": "401",
        "Title": "Ind Study in Mgmt Info Sys",
        "PrimaryInstructor": "TBA STAFF",
        "Max": 5,
        "Curr": 0,
        "Aval": 5,
        "Year": 2021,
        "Semester": "Summer_2"
    },
    {
        "Col": "BA",
        "Crn": "40193",
        "Subj": "MIS",
        "Crse": "4893",
        "Sect": "401",
        "Title": "Internship in Mgmt Info Sys",
        "PrimaryInstructor": "Shih Yung Chou",
        "Max": 5,
        "Curr": 1,
        "Aval": 4,
        "Year": 2021,
        "Semester": "Summer_2"
    },
    {
        "Col": "BA",
        "Crn": "40194",
        "Subj": "MIS",
        "Crse": "5113",
        "Sect": "X40",
        "Title": "Information Technology Mgmt",
        "PrimaryInstructor": "Guoying Zhang",
        "Max": 30,
        "Curr": 24,
        "Aval": 6,
        "Year": 2021,
        "Semester": "Summer_2"
    },
    {
        "Col": "BA",
        "Crn": "40195",
        "Subj": "MIS",
        "Crse": "6553",
        "Sect": "401",
        "Title": "Ind Grad Study - Mgmt Info Sys",
        "PrimaryInstructor": "TBA STAFF",
        "Max": 5,
        "Curr": 0,
        "Aval": 5,
        "Year": 2021,
        "Semester": "Summer_2"
    },
    {
        "Col": "BA",
        "Crn": "40491",
        "Subj": "MKTG",
        "Crse": "3823",
        "Sect": "X40",
        "Title": "Consumer Behavior",
        "PrimaryInstructor": "Andrea Bennett",
        "Max": 30,
        "Curr": 11,
        "Aval": 19,
        "Year": 2021,
        "Semester": "Summer_2"
    },
    {
        "Col": "BA",
        "Crn": "40198",
        "Subj": "MKTG",
        "Crse": "4551",
        "Sect": "401",
        "Title": "Ind Study in Marketing",
        "PrimaryInstructor": "Shih Yung Chou",
        "Max": 5,
        "Curr": 0,
        "Aval": 5,
        "Year": 2021,
        "Semester": "Summer_2"
    },
    {
        "Col": "BA",
        "Crn": "40199",
        "Subj": "MKTG",
        "Crse": "4552",
        "Sect": "401",
        "Title": "Ind Study in Marketing",
        "PrimaryInstructor": "Shih Yung Chou",
        "Max": 5,
        "Curr": 0,
        "Aval": 5,
        "Year": 2021,
        "Semester": "Summer_2"
    },
    {
        "Col": "BA",
        "Crn": "40200",
        "Subj": "MKTG",
        "Crse": "4553",
        "Sect": "401",
        "Title": "Ind Study in Marketing",
        "PrimaryInstructor": "Shih Yung Chou",
        "Max": 5,
        "Curr": 0,
        "Aval": 5,
        "Year": 2021,
        "Semester": "Summer_2"
    },
    {
        "Col": "BA",
        "Crn": "40526",
        "Subj": "MKTG",
        "Crse": "4892",
        "Sect": "401",
        "Title": "Internship in Marketing",
        "PrimaryInstructor": "Shih Yung Chou",
        "Max": 1,
        "Curr": 1,
        "Aval": 0,
        "Year": 2021,
        "Semester": "Summer_2"
    },
    {
        "Col": "BA",
        "Crn": "40202",
        "Subj": "MKTG",
        "Crse": "4893",
        "Sect": "401",
        "Title": "Internship in Marketing",
        "PrimaryInstructor": "Shih Yung Chou",
        "Max": 5,
        "Curr": 0,
        "Aval": 5,
        "Year": 2021,
        "Semester": "Summer_2"
    },
    {
        "Col": "BA",
        "Crn": "40204",
        "Subj": "MKTG",
        "Crse": "6553",
        "Sect": "401",
        "Title": "Ind Grad Study in Marketing",
        "PrimaryInstructor": "Shih Yung Chou",
        "Max": 5,
        "Curr": 0,
        "Aval": 5,
        "Year": 2021,
        "Semester": "Summer_2"
    },
    {
        "Col": "HH",
        "Crn": "40237",
        "Subj": "NURS",
        "Crse": "3503",
        "Sect": "X40",
        "Title": "Nursing Research",
        "PrimaryInstructor": "Martha Gibson",
        "Max": 20,
        "Curr": 19,
        "Aval": 1,
        "Year": 2021,
        "Semester": "Summer_2"
    },
    {
        "Col": "HH",
        "Crn": "40220",
        "Subj": "NURS",
        "Crse": "3743",
        "Sect": "DX1",
        "Title": "Intro Evidence-based Practice",
        "PrimaryInstructor": "Enoc Espinoza",
        "Max": 30,
        "Curr": 26,
        "Aval": 4,
        "Year": 2021,
        "Semester": "Summer_2"
    },
    {
        "Col": "HH",
        "Crn": "40368",
        "Subj": "NURS",
        "Crse": "3743",
        "Sect": "DX2",
        "Title": "Intro Evidence-based Practice",
        "PrimaryInstructor": "Ann Babin",
        "Max": 30,
        "Curr": 28,
        "Aval": 2,
        "Year": 2021,
        "Semester": "Summer_2"
    },
    {
        "Col": "HH",
        "Crn": "40492",
        "Subj": "NURS",
        "Crse": "3833",
        "Sect": "401",
        "Title": "Fnd Clinc Concepts & Competenc",
        "PrimaryInstructor": "Stephanie Baker",
        "Max": 20,
        "Curr": 19,
        "Aval": 1,
        "Days": "MTWR",
        "Begin": "1000am",
        "End": "1150am",
        "Bldg": "CE",
        "Room": "101",
        "Year": 2021,
        "Semester": "Summer_2"
    },
    {
        "Col": "HH",
        "Crn": "40493",
        "Subj": "NURS",
        "Crse": "3843",
        "Sect": "401",
        "Title": "Fnd Clin Concpt & Competn Clin",
        "PrimaryInstructor": "Stephanie Baker",
        "Max": 10,
        "Curr": 10,
        "Aval": 0,
        "Days": "F",
        "Begin": "0645am",
        "End": "0515pm",
        "Bldg": "CE",
        "Room": "350",
        "Year": 2021,
        "Semester": "Summer_2"
    },
    {
        "Col": "HH",
        "Crn": "-----",
        "Subj": "NURS",
        "Crse": "3843",
        "Sect": "401",
        "Title": "Fnd Clin Concpt & Competn Clin",
        "PrimaryInstructor": "Stephanie Baker",
        "Max": 10,
        "Curr": 10,
        "Aval": 0,
        "Days": "MTWR",
        "Begin": "0100pm",
        "End": "0500pm",
        "Bldg": "CE",
        "Room": "350",
        "Year": 2021,
        "Semester": "Summer_2"
    },
    {
        "Col": "HH",
        "Crn": "40494",
        "Subj": "NURS",
        "Crse": "3843",
        "Sect": "402",
        "Title": "Fnd Clin Concpt & Competn Clin",
        "PrimaryInstructor": "Stephanie Baker",
        "Max": 10,
        "Curr": 9,
        "Aval": 1,
        "Days": "F",
        "Begin": "0645am",
        "End": "0515pm",
        "Bldg": "CE",
        "Room": "360",
        "Year": 2021,
        "Semester": "Summer_2"
    },
    {
        "Col": "HH",
        "Crn": "-----",
        "Subj": "NURS",
        "Crse": "3843",
        "Sect": "402",
        "Title": "Fnd Clin Concpt & Competn Clin",
        "PrimaryInstructor": "Stephanie Baker",
        "Max": 10,
        "Curr": 9,
        "Aval": 1,
        "Days": "MTWR",
        "Begin": "0100pm",
        "End": "0500pm",
        "Bldg": "CE",
        "Room": "360",
        "Year": 2021,
        "Semester": "Summer_2"
    },
    {
        "Col": "HH",
        "Crn": "40222",
        "Subj": "NURS",
        "Crse": "4723",
        "Sect": "DX1",
        "Title": "Healthcare Orgnz & Informatics",
        "PrimaryInstructor": "Lesia DeVito",
        "Max": 30,
        "Curr": 22,
        "Aval": 8,
        "Year": 2021,
        "Semester": "Summer_2"
    },
    {
        "Col": "HH",
        "Crn": "40369",
        "Subj": "NURS",
        "Crse": "4723",
        "Sect": "DX2",
        "Title": "Healthcare Orgnz & Informatics",
        "PrimaryInstructor": "Kayla Ellis",
        "Max": 30,
        "Curr": 14,
        "Aval": 16,
        "Year": 2021,
        "Semester": "Summer_2"
    },
    {
        "Col": "HH",
        "Crn": "40224",
        "Subj": "NURS",
        "Crse": "4741",
        "Sect": "DX1",
        "Title": "Capstone Project",
        "PrimaryInstructor": "Christy Bowen",
        "Max": 30,
        "Curr": 29,
        "Aval": 1,
        "Year": 2021,
        "Semester": "Summer_2"
    },
    {
        "Col": "HH",
        "Crn": "40495",
        "Subj": "NURS",
        "Crse": "4741",
        "Sect": "DX2",
        "Title": "Capstone Project",
        "PrimaryInstructor": "Christy Bowen",
        "Max": 30,
        "Curr": 9,
        "Aval": 21,
        "Year": 2021,
        "Semester": "Summer_2"
    },
    {
        "Col": "HH",
        "Crn": "40496",
        "Subj": "NURS",
        "Crse": "4743",
        "Sect": "DX1",
        "Title": "Care Coordntn Across Continuum",
        "PrimaryInstructor": "Ashley Brown",
        "Max": 30,
        "Curr": 9,
        "Aval": 21,
        "Year": 2021,
        "Semester": "Summer_2"
    },
    {
        "Col": "SE",
        "Crn": "40031",
        "Subj": "PHYS",
        "Crse": "1244",
        "Sect": "X41",
        "Title": "General Physics",
        "PrimaryInstructor": "Preet Sharma",
        "Max": 30,
        "Curr": 32,
        "Aval": -2,
        "Year": 2021,
        "Semester": "Summer_2"
    },
    {
        "Col": "SE",
        "Crn": "40032",
        "Subj": "PHYS",
        "Crse": "1244",
        "Sect": "X4A",
        "Title": "General Physics Lab",
        "PrimaryInstructor": "Preet Sharma",
        "Max": 15,
        "Curr": 17,
        "Aval": -2,
        "Year": 2021,
        "Semester": "Summer_2"
    },
    {
        "Col": "SE",
        "Crn": "40033",
        "Subj": "PHYS",
        "Crse": "1244",
        "Sect": "X4B",
        "Title": "General Physics Lab",
        "PrimaryInstructor": "Preet Sharma",
        "Max": 15,
        "Curr": 15,
        "Aval": 0,
        "Year": 2021,
        "Semester": "Summer_2"
    },
    {
        "Col": "SE",
        "Crn": "40302",
        "Subj": "PHYS",
        "Crse": "1533",
        "Sect": "X40",
        "Title": "Descriptive Astronomy",
        "PrimaryInstructor": "Jacqueline Dunn",
        "Max": 30,
        "Curr": 10,
        "Aval": 20,
        "Year": 2021,
        "Semester": "Summer_2"
    },
    {
        "Col": "SE",
        "Crn": "40303",
        "Subj": "PHYS",
        "Crse": "1533",
        "Sect": "X4A",
        "Title": "Descriptive Astronomy Lab",
        "PrimaryInstructor": "Jacqueline Dunn",
        "Max": 30,
        "Curr": 10,
        "Aval": 20,
        "Year": 2021,
        "Semester": "Summer_2"
    },
    {
        "Col": "HM",
        "Crn": "40379",
        "Subj": "POLS",
        "Crse": "1333",
        "Sect": "X40",
        "Title": "American Government",
        "PrimaryInstructor": "Kyle Keel",
        "Max": 30,
        "Curr": 26,
        "Aval": 4,
        "Year": 2021,
        "Semester": "Summer_2"
    },
    {
        "Col": "HM",
        "Crn": "40117",
        "Subj": "POLS",
        "Crse": "1333",
        "Sect": "X41",
        "Title": "American Government",
        "PrimaryInstructor": "Kyle Keel",
        "Max": 30,
        "Curr": 12,
        "Aval": 18,
        "Year": 2021,
        "Semester": "Summer_2"
    },
    {
        "Col": "HM",
        "Crn": "40119",
        "Subj": "POLS",
        "Crse": "1433",
        "Sect": "X40",
        "Title": "American Government",
        "PrimaryInstructor": "Michael Baggs",
        "Max": 30,
        "Curr": 23,
        "Aval": 7,
        "Year": 2021,
        "Semester": "Summer_2"
    },
    {
        "Col": "HM",
        "Crn": "40380",
        "Subj": "POLS",
        "Crse": "1433",
        "Sect": "X41",
        "Title": "American Government",
        "PrimaryInstructor": "Michael Baggs",
        "Max": 30,
        "Curr": 12,
        "Aval": 18,
        "Year": 2021,
        "Semester": "Summer_2"
    },
    {
        "Col": "HM",
        "Crn": "40120",
        "Subj": "POLS",
        "Crse": "4903",
        "Sect": "401",
        "Title": "Ind Study in Govt & Politics",
        "PrimaryInstructor": "Linda Veazey",
        "Max": 10,
        "Curr": 0,
        "Aval": 10,
        "Year": 2021,
        "Semester": "Summer_2"
    },
    {
        "Col": "HM",
        "Crn": "40524",
        "Subj": "POLS",
        "Crse": "4903",
        "Sect": "402",
        "Title": "Ind Study in Govt & Politics",
        "PrimaryInstructor": "Samuel Watson",
        "Max": 1,
        "Curr": 1,
        "Aval": 0,
        "Year": 2021,
        "Semester": "Summer_2"
    },
    {
        "Col": "HM",
        "Crn": "40299",
        "Subj": "POLS",
        "Crse": "4973",
        "Sect": "401",
        "Title": "Internship in Political Sci",
        "PrimaryInstructor": "Jeremy Duff",
        "Max": 10,
        "Curr": 0,
        "Aval": 10,
        "Year": 2021,
        "Semester": "Summer_2"
    },
    {
        "Col": "HM",
        "Crn": "40483",
        "Subj": "PSYC",
        "Crse": "3233",
        "Sect": "X40",
        "Title": "Developmental Psychology",
        "PrimaryInstructor": "Michael Vandehey",
        "Max": 40,
        "Curr": 15,
        "Aval": 25,
        "Days": "MTWR",
        "Begin": "0800am",
        "End": "1000am",
        "Bldg": "D2L",
        "Year": 2021,
        "Semester": "Summer_2"
    },
    {
        "Col": "HM",
        "Crn": "40484",
        "Subj": "PSYC",
        "Crse": "4123",
        "Sect": "401",
        "Title": "Hist & Systems of Psychology",
        "PrimaryInstructor": "George Diekhoff",
        "Max": 40,
        "Curr": 24,
        "Aval": 16,
        "Days": "MTWR",
        "Begin": "1010am",
        "End": "1210pm",
        "Bldg": "D2L",
        "Year": 2021,
        "Semester": "Summer_2"
    },
    {
        "Col": "HM",
        "Crn": "40482",
        "Subj": "PSYC",
        "Crse": "5233",
        "Sect": "401",
        "Title": "Human Dev Across the Life Span",
        "PrimaryInstructor": "Michael Vandehey",
        "Max": 20,
        "Curr": 4,
        "Aval": 16,
        "Days": "MTWR",
        "Begin": "0800am",
        "End": "1000am",
        "Bldg": "D2L",
        "Year": 2021,
        "Semester": "Summer_2"
    },
    {
        "Col": "HH",
        "Crn": "40099",
        "Subj": "RESP",
        "Crse": "3403",
        "Sect": "401",
        "Title": "Foundations of Patient Care",
        "PrimaryInstructor": "Tammy Kurszewski",
        "Max": 28,
        "Curr": 22,
        "Aval": 6,
        "Days": "MW",
        "Begin": "0900am",
        "End": "0100pm",
        "Bldg": "CE",
        "Room": "334",
        "Year": 2021,
        "Semester": "Summer_2"
    },
    {
        "Col": "HH",
        "Crn": "40101",
        "Subj": "RESP",
        "Crse": "3413",
        "Sect": "401",
        "Title": "Intro to Respiratory Care",
        "PrimaryInstructor": "Jessica Fino",
        "Max": 28,
        "Curr": 22,
        "Aval": 6,
        "Days": "TR",
        "Begin": "0900am",
        "End": "1200pm",
        "Bldg": "CE",
        "Room": "240 250",
        "Year": 2021,
        "Semester": "Summer_2"
    },
    {
        "Col": "HH",
        "Crn": "40102",
        "Subj": "RESP",
        "Crse": "3413",
        "Sect": "41A",
        "Title": "Intro to Respiratory Care Lab",
        "PrimaryInstructor": "Erica Judie",
        "Max": 7,
        "Curr": 7,
        "Aval": 0,
        "Days": "TR",
        "Begin": "0100pm",
        "End": "0400pm",
        "Bldg": "CE",
        "Room": "250",
        "Year": 2021,
        "Semester": "Summer_2"
    },
    {
        "Col": "HH",
        "Crn": "40103",
        "Subj": "RESP",
        "Crse": "3413",
        "Sect": "41B",
        "Title": "Intro to Respiratory Care Lab",
        "PrimaryInstructor": "Randy Case",
        "Max": 7,
        "Curr": 7,
        "Aval": 0,
        "Days": "TR",
        "Begin": "0100pm",
        "End": "0400pm",
        "Bldg": "CE",
        "Room": "250",
        "Year": 2021,
        "Semester": "Summer_2"
    },
    {
        "Col": "HH",
        "Crn": "40104",
        "Subj": "RESP",
        "Crse": "3413",
        "Sect": "41C",
        "Title": "Intro to Respiratory Care Lab",
        "PrimaryInstructor": "Mary Owen",
        "Max": 7,
        "Curr": 1,
        "Aval": 6,
        "Days": "TR",
        "Begin": "0100pm",
        "End": "0400pm",
        "Bldg": "CE",
        "Room": "250",
        "Year": 2021,
        "Semester": "Summer_2"
    },
    {
        "Col": "HH",
        "Crn": "40105",
        "Subj": "RESP",
        "Crse": "3413",
        "Sect": "41D",
        "Title": "Intro to Respiratory Care Lab",
        "PrimaryInstructor": "Jessica Fino",
        "Max": 7,
        "Curr": 7,
        "Aval": 0,
        "Days": "TR",
        "Begin": "0100pm",
        "End": "0400pm",
        "Bldg": "CE",
        "Room": "250",
        "Year": 2021,
        "Semester": "Summer_2"
    },
    {
        "Col": "HM",
        "Crn": "40477",
        "Subj": "SOCL",
        "Crse": "2233",
        "Sect": "X40",
        "Title": "Global Social Problems",
        "PrimaryInstructor": "Isaac Christiansen",
        "Max": 25,
        "Curr": 13,
        "Aval": 12,
        "Year": 2021,
        "Semester": "Summer_2"
    },
    {
        "Col": "HM",
        "Crn": "40287",
        "Subj": "SOCL",
        "Crse": "3403",
        "Sect": "X40",
        "Title": "Social Psychology",
        "PrimaryInstructor": "Beverly Stiles",
        "Max": 25,
        "Curr": 20,
        "Aval": 5,
        "Year": 2021,
        "Semester": "Summer_2"
    },
    {
        "Col": "HM",
        "Crn": "40133",
        "Subj": "SOCL",
        "Crse": "3803",
        "Sect": "X40",
        "Title": "Medical Sociology",
        "PrimaryInstructor": "Beverly Stiles",
        "Max": 25,
        "Curr": 20,
        "Aval": 5,
        "Year": 2021,
        "Semester": "Summer_2"
    },
    {
        "Col": "HH",
        "Crn": "40355",
        "Subj": "SOWK",
        "Crse": "3453",
        "Sect": "X40",
        "Title": "Child Welfare Policy/Practice",
        "PrimaryInstructor": "Catherine Earley",
        "Max": 25,
        "Curr": 16,
        "Aval": 9,
        "Year": 2021,
        "Semester": "Summer_2"
    },
    {
        "Col": "HH",
        "Crn": "40485",
        "Subj": "SOWK",
        "Crse": "3953",
        "Sect": "X40",
        "Title": "Human Diversity",
        "PrimaryInstructor": "Packiaraj Arumugham",
        "Max": 25,
        "Curr": 6,
        "Aval": 19,
        "Year": 2021,
        "Semester": "Summer_2"
    },
    {
        "Col": "ED",
        "Crn": "40509",
        "Subj": "SPAD",
        "Crse": "5063",
        "Sect": "DX1",
        "Title": "Sport in American Culture",
        "PrimaryInstructor": "Julie Wood",
        "Max": 5,
        "Curr": 1,
        "Aval": 4,
        "Year": 2021,
        "Semester": "Summer_2"
    },
    {
        "Col": "ED",
        "Crn": "40502",
        "Subj": "SPAD",
        "Crse": "5063",
        "Sect": "X40",
        "Title": "Sport in American Culture",
        "PrimaryInstructor": "Julie Wood",
        "Max": 20,
        "Curr": 7,
        "Aval": 13,
        "Year": 2021,
        "Semester": "Summer_2"
    },
    {
        "Col": "ED",
        "Crn": "40508",
        "Subj": "SPAD",
        "Crse": "5623",
        "Sect": "DX1",
        "Title": "Media & Comm Relations in Sprt",
        "PrimaryInstructor": "Sandra Shawver",
        "Max": 5,
        "Curr": 3,
        "Aval": 2,
        "Year": 2021,
        "Semester": "Summer_2"
    },
    {
        "Col": "ED",
        "Crn": "40501",
        "Subj": "SPAD",
        "Crse": "5623",
        "Sect": "X40",
        "Title": "Media & Comm Relations in Sprt",
        "PrimaryInstructor": "Sandra Shawver",
        "Max": 20,
        "Curr": 9,
        "Aval": 11,
        "Year": 2021,
        "Semester": "Summer_2"
    },
    {
        "Col": "ED",
        "Crn": "40547",
        "Subj": "SPAD",
        "Crse": "6903",
        "Sect": "X40",
        "Title": "Ind Grad Study in Sport Admin",
        "PrimaryInstructor": "Julie Wood",
        "Max": 1,
        "Curr": 1,
        "Aval": 0,
        "Year": 2021,
        "Semester": "Summer_2"
    },
    {
        "Col": "HM",
        "Crn": "40052",
        "Subj": "SPAN",
        "Crse": "1234",
        "Sect": "401",
        "Title": "Elementary Spanish II",
        "PrimaryInstructor": "Claudia Montoya",
        "Max": 19,
        "Curr": 14,
        "Aval": 5,
        "Days": "MTWR",
        "Begin": "0800am",
        "End": "1040am",
        "Bldg": "PY",
        "Room": "PY203",
        "Year": 2021,
        "Semester": "Summer_2"
    },
    {
        "Col": "HM",
        "Crn": "40054",
        "Subj": "SPAN",
        "Crse": "2233",
        "Sect": "X40",
        "Title": "Intermediate Spanish II",
        "PrimaryInstructor": "Jeffrey Oxford",
        "Max": 30,
        "Curr": 27,
        "Aval": 3,
        "Year": 2021,
        "Semester": "Summer_2"
    },
    {
        "Col": "FA",
        "Crn": "40521",
        "Subj": "SPCH",
        "Crse": "2423",
        "Sect": "X40",
        "Title": "Interpersonal Communication",
        "PrimaryInstructor": "Alexandra McClung",
        "Max": 25,
        "Curr": 8,
        "Aval": 17,
        "Year": 2021,
        "Semester": "Summer_2"
    },
    {
        "Col": "FA",
        "Crn": "40008",
        "Subj": "SPCH",
        "Crse": "4143",
        "Sect": "401",
        "Title": "Ind Study in Speech Comm",
        "PrimaryInstructor": "James Sernoe",
        "Max": 20,
        "Curr": 0,
        "Aval": 20,
        "Days": "MTWR",
        "Begin": "0800am",
        "End": "1000am",
        "Bldg": "FA",
        "Room": "D101",
        "Year": 2021,
        "Semester": "Summer_2"
    },
    {
        "Col": "ED",
        "Crn": "40277",
        "Subj": "SPED",
        "Crse": "5103",
        "Sect": "DX1",
        "Title": "Survey of Dyslexia",
        "PrimaryInstructor": "Amy Janjgava",
        "Max": 15,
        "Curr": 14,
        "Aval": 1,
        "Year": 2021,
        "Semester": "Summer_2"
    },
    {
        "Col": "ED",
        "Crn": "40126",
        "Subj": "SPED",
        "Crse": "5103",
        "Sect": "X40",
        "Title": "Survey of Dyslexia",
        "PrimaryInstructor": "Amy Janjgava",
        "Max": 15,
        "Curr": 8,
        "Aval": 7,
        "Year": 2021,
        "Semester": "Summer_2"
    },
    {
        "Col": "ED",
        "Crn": "40503",
        "Subj": "SPED",
        "Crse": "6223",
        "Sect": "X40",
        "Title": "Individ Assmt II - non-Tx Cert",
        "PrimaryInstructor": "Emily Smith",
        "Max": 1,
        "Curr": 1,
        "Aval": 0,
        "Year": 2021,
        "Semester": "Summer_2"
    },
    {
        "Col": "ED",
        "Crn": "40446",
        "Subj": "SPED",
        "Crse": "6273",
        "Sect": "DX1",
        "Title": "Fnd Spec Ed Ldrshp non-Tx Cert",
        "PrimaryInstructor": "Emily Smith",
        "Max": 4,
        "Curr": 2,
        "Aval": 2,
        "Year": 2021,
        "Semester": "Summer_2"
    },
    {
        "Col": "ED",
        "Crn": "40445",
        "Subj": "SPED",
        "Crse": "6273",
        "Sect": "X40",
        "Title": "Fnd Spec Ed Ldrshp non-Tx Cert",
        "PrimaryInstructor": "Emily Smith",
        "Max": 5,
        "Curr": 1,
        "Aval": 4,
        "Year": 2021,
        "Semester": "Summer_2"
    },
    {
        "Col": "ED",
        "Crn": "40510",
        "Subj": "SPED",
        "Crse": "6623",
        "Sect": "DX1",
        "Title": "Individual Assessment II",
        "PrimaryInstructor": "Emily Smith",
        "Max": 8,
        "Curr": 8,
        "Aval": 0,
        "Year": 2021,
        "Semester": "Summer_2"
    },
    {
        "Col": "ED",
        "Crn": "40504",
        "Subj": "SPED",
        "Crse": "6623",
        "Sect": "X40",
        "Title": "Individual Assessment II",
        "PrimaryInstructor": "Emily Smith",
        "Max": 12,
        "Curr": 1,
        "Aval": 11,
        "Year": 2021,
        "Semester": "Summer_2"
    },
    {
        "Col": "ED",
        "Crn": "40545",
        "Subj": "SPED",
        "Crse": "6903",
        "Sect": "X40",
        "Title": "Ind Grad Study in Special Educ",
        "PrimaryInstructor": "Edward Schultz",
        "Max": 1,
        "Curr": 1,
        "Aval": 0,
        "Year": 2021,
        "Semester": "Summer_2"
    },
    {
        "Col": "ED",
        "Crn": "40312",
        "Subj": "SPED",
        "Crse": "6963",
        "Sect": "DX1",
        "Title": "Fnds Ethics/Practice Standards",
        "PrimaryInstructor": "Emily Smith",
        "Max": 8,
        "Curr": 5,
        "Aval": 3,
        "Year": 2021,
        "Semester": "Summer_2"
    },
    {
        "Col": "ED",
        "Crn": "40311",
        "Subj": "SPED",
        "Crse": "6963",
        "Sect": "X40",
        "Title": "Fnds Ethics/Practice Standards",
        "PrimaryInstructor": "Emily Smith",
        "Max": 8,
        "Curr": 6,
        "Aval": 2,
        "Year": 2021,
        "Semester": "Summer_2"
    },
    {
        "Col": "ED",
        "Crn": "40520",
        "Subj": "SPED",
        "Crse": "6963",
        "Sect": "X41",
        "Title": "Fnds Ethics/Practice Standards",
        "PrimaryInstructor": "Emily Smith",
        "Max": 10,
        "Curr": 3,
        "Aval": 7,
        "Year": 2021,
        "Semester": "Summer_2"
    },
    {
        "Col": "SE",
        "Crn": "40546",
        "Subj": "STEM",
        "Crse": "4900",
        "Sect": "401",
        "Title": "Internship in STEM",
        "PrimaryInstructor": "Margaret Brown Marsden",
        "Max": 1,
        "Curr": 1,
        "Aval": 0,
        "Year": 2021,
        "Semester": "Summer_2"
    }
]